{
    "val_accuracy": [
        0.9815962910652161,
        0.9841968417167664,
        0.9835967421531677,
        0.9867973327636719,
        0.9871974587440491,
        0.9869974255561829
    ],
    "accuracy": [
        0.9402440190315247,
        0.9591459035873413,
        0.9720972180366516,
        0.9767976999282837,
        0.9818981885910034,
        0.9842483997344971
    ],
    "loss": [
        1.1745545864105225,
        0.12752708792686462,
        0.07776468992233276,
        0.06384678184986115,
        0.05190162733197212,
        0.043532371520996094
    ],
    "val_loss": [
        0.08486282080411911,
        0.055634088814258575,
        0.06434191763401031,
        0.06450772285461426,
        0.05805905535817146,
        0.0674847736954689
    ]
}